{
  "meta": {
    "reference": "WTLEX26Y",
    "name": "WTI Light - Export",
    "origin": "Texas",
    "assay_date": "2026-02-27",
    "source": "ExxonMobil assay file wti_light.xlsx",
    "comments": "Imported for cut-point CDU heart/swing library",
    "vendor": "ExxonMobil/EMTEC"
  },
  "whole_crude": {
    "api": 47.39987725648041,
    "density_15c_g_cc": 0.790648789486859,
    "sulfur_wt": 0.0698981115791165,
    "ccr_wt": 0.1185965915483614,
    "nitrogen_ppm": 113.32936114366257,
    "nickel_ppm": 0.07450631944320657,
    "vanadium_ppm": 0.11933899528501674,
    "metals_ni_v_ppm": 0.1938453147282233,
    "tan_mgkoh_g": 0.047947421420148226,
    "viscosity_cst_20c": 2.555941761467352,
    "pour_point_c": -25.26363951138226,
    "asphaltenes_wt": 0.031185590461648736,
    "paraffins_vol": 0.4255761386139089,
    "naphthenes_vol": 0.4479975255697073,
    "aromatics_vol": 0.12399581526694574,
    "price_usd_per_bbl": 78.0,
    "max_supply_kbd": 100.0
  },
  "cuts": [
    {
      "id": "0_5",
      "tbp_start_c": 0.0,
      "tbp_end_c": 5.0,
      "yield_vol": 0.030501200516042715,
      "yield_wt": 0.021656657686762257,
      "api": 30.0,
      "density_15c_g_cc": 0.8761609907120743,
      "sulfur_wt": 0.0,
      "nitrogen_ppm": 0.0,
      "ccr_wt": 0.0,
      "ron": 0.0,
      "paraffins_vol": 0.0,
      "naphthenes_vol": 0.0,
      "aromatics_vol": 0.0,
      "nickel_ppm": 0.0,
      "vanadium_ppm": 0.0,
      "asphaltenes_wt": 0.0
    },
    {
      "id": "5_65",
      "tbp_start_c": 5.0,
      "tbp_end_c": 65.0,
      "yield_vol": 0.0739450186414015,
      "yield_wt": 0.06038082306203379,
      "api": 88.20127628817937,
      "density_15c_g_cc": 0.6440064030540693,
      "sulfur_wt": 0.0032731193360445825,
      "nitrogen_ppm": 0.0,
      "ccr_wt": 0.0,
      "ron": 75.03592941196528,
      "paraffins_vol": 0.9663580141631272,
      "naphthenes_vol": 0.03364198583687287,
      "aromatics_vol": 0.0,
      "nickel_ppm": 0.0,
      "vanadium_ppm": 0.0,
      "asphaltenes_wt": 0.0
    },
    {
      "id": "65_100",
      "tbp_start_c": 65.0,
      "tbp_end_c": 100.0,
      "yield_vol": 0.11020006593511475,
      "yield_wt": 0.10195175290883193,
      "api": 62.975714476465015,
      "density_15c_g_cc": 0.7274361513986549,
      "sulfur_wt": 0.0025481195921269505,
      "nitrogen_ppm": 0.0,
      "ccr_wt": 0.0,
      "ron": 42.8458619324898,
      "paraffins_vol": 0.5604743287054578,
      "naphthenes_vol": 0.4063252477116993,
      "aromatics_vol": 0.03320042358284303,
      "nickel_ppm": 0.0,
      "vanadium_ppm": 0.0,
      "asphaltenes_wt": 0.0
    },
    {
      "id": "100_150",
      "tbp_start_c": 100.0,
      "tbp_end_c": 150.0,
      "yield_vol": 0.16492494800793034,
      "yield_wt": 0.15840407590224154,
      "api": 55.81883688131029,
      "density_15c_g_cc": 0.7552000915414069,
      "sulfur_wt": 0.006675719741107394,
      "nitrogen_ppm": 0.0,
      "ccr_wt": 0.0,
      "ron": 60.71634506878694,
      "paraffins_vol": 0.327878684450714,
      "naphthenes_vol": 0.5253837076576566,
      "aromatics_vol": 0.14673760789162937,
      "nickel_ppm": 0.0,
      "vanadium_ppm": 0.0,
      "asphaltenes_wt": 0.0
    },
    {
      "id": "150_200",
      "tbp_start_c": 150.0,
      "tbp_end_c": 200.0,
      "yield_vol": 0.12304556436182724,
      "yield_wt": 0.12218758040506461,
      "api": 49.661633580914526,
      "density_15c_g_cc": 0.7808059962064586,
      "sulfur_wt": 0.018115587902718968,
      "nitrogen_ppm": 0.0,
      "ccr_wt": 0.0,
      "ron": 29.611566523898848,
      "paraffins_vol": 0.4996884178078061,
      "naphthenes_vol": 0.37016169439806973,
      "aromatics_vol": 0.13014988779412415,
      "nickel_ppm": 0.0,
      "vanadium_ppm": 0.0,
      "asphaltenes_wt": 0.0
    },
    {
      "id": "200_250",
      "tbp_start_c": 200.0,
      "tbp_end_c": 250.0,
      "yield_vol": 0.10017569406604794,
      "yield_wt": 0.10226214579633613,
      "api": 44.18122572044351,
      "density_15c_g_cc": 0.8051051797652456,
      "sulfur_wt": 0.018892302090425004,
      "nitrogen_ppm": 1.0873007862759914,
      "ccr_wt": 0.0,
      "ron": 0.0,
      "paraffins_vol": 0.0,
      "naphthenes_vol": 0.0,
      "aromatics_vol": 0.0,
      "nickel_ppm": 0.0,
      "vanadium_ppm": 0.0,
      "asphaltenes_wt": 0.0
    },
    {
      "id": "250_300",
      "tbp_start_c": 250.0,
      "tbp_end_c": 300.0,
      "yield_vol": 0.09126820130489388,
      "yield_wt": 0.09605661310339175,
      "api": 38.89506041786328,
      "density_15c_g_cc": 0.8300568873348576,
      "sulfur_wt": 0.02695356105711849,
      "nitrogen_ppm": 4.465096600854933,
      "ccr_wt": 0.0,
      "ron": 0.0,
      "paraffins_vol": 0.0,
      "naphthenes_vol": 0.0,
      "aromatics_vol": 0.0,
      "nickel_ppm": 0.0,
      "vanadium_ppm": 0.0,
      "asphaltenes_wt": 0.0
    },
    {
      "id": "300_350",
      "tbp_start_c": 300.0,
      "tbp_end_c": 350.0,
      "yield_vol": 0.0779970641183598,
      "yield_wt": 0.08315776128071474,
      "api": 36.703623804030514,
      "density_15c_g_cc": 0.8408617798927122,
      "sulfur_wt": 0.09567799815339452,
      "nitrogen_ppm": 35.93778387041188,
      "ccr_wt": 0.0,
      "ron": 0.0,
      "paraffins_vol": 0.0,
      "naphthenes_vol": 0.0,
      "aromatics_vol": 0.0,
      "nickel_ppm": 0.0,
      "vanadium_ppm": 0.0,
      "asphaltenes_wt": 0.0
    },
    {
      "id": "350_370",
      "tbp_start_c": 350.0,
      "tbp_end_c": 370.0,
      "yield_vol": 0.027317640660743308,
      "yield_wt": 0.02967019972170044,
      "api": 33.61164732498432,
      "density_15c_g_cc": 0.8565986018805992,
      "sulfur_wt": 0.14529238002729122,
      "nitrogen_ppm": 92.50913515889263,
      "ccr_wt": 0.0,
      "ron": 0.0,
      "paraffins_vol": 0.0,
      "naphthenes_vol": 0.0,
      "aromatics_vol": 0.0,
      "nickel_ppm": 0.0,
      "vanadium_ppm": 0.0,
      "asphaltenes_wt": 0.0
    },
    {
      "id": "370_450",
      "tbp_start_c": 370.0,
      "tbp_end_c": 450.0,
      "yield_vol": 0.08960244815855933,
      "yield_wt": 0.09856850274435021,
      "api": 31.517196821140686,
      "density_15c_g_cc": 0.8675976426309774,
      "sulfur_wt": 0.13414967140246256,
      "nitrogen_ppm": 186.18590687873782,
      "ccr_wt": 0.0,
      "ron": 0.0,
      "paraffins_vol": 0.0,
      "naphthenes_vol": 0.0,
      "aromatics_vol": 0.0,
      "nickel_ppm": 0.0,
      "vanadium_ppm": 0.0,
      "asphaltenes_wt": 0.0
    },
    {
      "id": "450_500",
      "tbp_start_c": 450.0,
      "tbp_end_c": 500.0,
      "yield_vol": 0.0404794841536202,
      "yield_wt": 0.04529598865004844,
      "api": 28.759075151095317,
      "density_15c_g_cc": 0.882520603244126,
      "sulfur_wt": 0.16323448352565761,
      "nitrogen_ppm": 353.1805138111943,
      "ccr_wt": 0.0012318393382644973,
      "ron": 0.0,
      "paraffins_vol": 0.0,
      "naphthenes_vol": 0.0,
      "aromatics_vol": 0.0,
      "nickel_ppm": 0.0,
      "vanadium_ppm": 0.0,
      "asphaltenes_wt": 0.0
    },
    {
      "id": "500_550",
      "tbp_start_c": 500.0,
      "tbp_end_c": 550.0,
      "yield_vol": 0.029432947509145498,
      "yield_wt": 0.03320943181167886,
      "api": 27.43431112640448,
      "density_15c_g_cc": 0.8898724649874968,
      "sulfur_wt": 0.24365691276615659,
      "nitrogen_ppm": 484.71393209678,
      "ccr_wt": 0.12948936369190447,
      "ron": 0.0,
      "paraffins_vol": 0.0,
      "naphthenes_vol": 0.0,
      "aromatics_vol": 0.0,
      "nickel_ppm": 0.0,
      "vanadium_ppm": 0.0,
      "asphaltenes_wt": 0.0
    },
    {
      "id": "550_fbp",
      "tbp_start_c": 550.0,
      "tbp_end_c": 750.0,
      "yield_vol": 0.04110972256631356,
      "yield_wt": 0.04719846692684531,
      "api": 24.691639000018995,
      "density_15c_g_cc": 0.905489515192412,
      "sulfur_wt": 0.4365010652194526,
      "nitrogen_ppm": 1199.0346706105252,
      "ccr_wt": 2.4208059872312973,
      "ron": 0.0,
      "paraffins_vol": 0.0,
      "naphthenes_vol": 0.0,
      "aromatics_vol": 0.0,